               epoch,      train/box_loss,      train/obj_loss,      train/cls_loss,   metrics/precision,      metrics/recall,     metrics/mAP_0.5,metrics/mAP_0.5:0.95,        val/box_loss,        val/obj_loss,        val/cls_loss,               x/lr0,               x/lr1,               x/lr2
                   0,            0.057636,            0.023554,            0.016984,             0.87842,             0.89827,             0.95332,             0.72378,            0.022576,           0.0056597,            0.002216,            0.070101,           0.0033221,           0.0033221
                   1,            0.040638,            0.013799,           0.0058548,             0.86598,             0.93722,             0.95368,             0.52732,            0.023423,           0.0049431,           0.0018098,            0.040088,           0.0066422,           0.0066422
                   2,            0.034941,            0.011943,           0.0057027,              0.6007,              0.7916,             0.85378,             0.59413,            0.021815,           0.0063085,            0.025905,            0.010062,           0.0099492,           0.0099492
                   3,            0.031469,            0.011071,           0.0054915,               0.979,             0.95947,             0.98355,             0.79207,            0.011976,           0.0042958,           0.0026325,           0.0099406,           0.0099406,           0.0099406
                   4,            0.027982,            0.010495,           0.0046404,             0.97778,             0.97281,             0.98307,             0.86896,            0.012452,           0.0043067,           0.0012412,           0.0099406,           0.0099406,           0.0099406
                   5,            0.024538,           0.0097959,           0.0041956,             0.94888,             0.92377,             0.97726,             0.85487,           0.0098829,           0.0041938,            0.003656,           0.0099208,           0.0099208,           0.0099208
                   6,            0.023546,           0.0094649,           0.0039903,             0.99601,             0.98425,             0.98797,             0.86389,            0.010235,           0.0036297,          0.00083224,            0.009901,            0.009901,            0.009901
                   7,            0.021947,           0.0091098,            0.003616,             0.99507,             0.98489,             0.98794,             0.87271,           0.0089578,           0.0037245,          0.00079842,           0.0098812,           0.0098812,           0.0098812
                   8,            0.020523,            0.008849,            0.003322,             0.99146,             0.98602,             0.99078,             0.88484,           0.0075554,           0.0035232,           0.0010842,           0.0098614,           0.0098614,           0.0098614
                   9,            0.020088,           0.0084116,           0.0027043,             0.99501,             0.96909,             0.98627,             0.86596,           0.0082465,           0.0038101,          0.00066104,           0.0098416,           0.0098416,           0.0098416
                  10,            0.019131,           0.0083366,            0.003039,             0.99521,              0.9759,             0.98788,             0.87891,           0.0083105,           0.0036808,          0.00081039,           0.0098218,           0.0098218,           0.0098218
                  11,             0.01892,           0.0078926,           0.0019303,             0.99052,             0.98471,             0.99019,              0.8925,           0.0077031,           0.0035635,          0.00082132,            0.009802,            0.009802,            0.009802
                  12,            0.018584,           0.0080457,           0.0028002,             0.99219,             0.97338,             0.98415,             0.88971,            0.007906,           0.0035498,           0.0011409,           0.0097822,           0.0097822,           0.0097822
                  13,            0.017361,           0.0079064,            0.002364,             0.99366,              0.9832,              0.9874,             0.88182,           0.0075866,           0.0033005,          0.00094943,           0.0097624,           0.0097624,           0.0097624
                  14,            0.017116,           0.0074836,            0.002701,             0.98685,             0.97439,             0.98967,             0.89927,           0.0072356,            0.003504,          0.00097174,           0.0097426,           0.0097426,           0.0097426
                  15,            0.016673,           0.0076187,           0.0020583,             0.99481,              0.9865,             0.98951,             0.90238,            0.007277,           0.0032915,          0.00060919,           0.0097228,           0.0097228,           0.0097228
                  16,            0.016402,           0.0075251,           0.0023531,             0.99659,             0.98232,             0.98998,             0.90173,           0.0070409,           0.0034333,          0.00073949,            0.009703,            0.009703,            0.009703
                  17,            0.015795,           0.0074357,           0.0021057,             0.99237,              0.9836,             0.98903,              0.8829,           0.0077592,           0.0033593,          0.00058604,           0.0096832,           0.0096832,           0.0096832
                  18,            0.015875,            0.007064,           0.0016158,             0.99129,             0.98444,             0.98695,             0.90061,           0.0067982,           0.0032209,          0.00085637,           0.0096634,           0.0096634,           0.0096634
                  19,            0.015327,           0.0073853,           0.0024824,             0.98426,             0.98215,             0.98906,             0.90205,           0.0073382,           0.0035022,            0.001178,           0.0096436,           0.0096436,           0.0096436
                  20,            0.015019,           0.0071606,           0.0014762,             0.99508,              0.9867,             0.98903,             0.91557,           0.0063595,           0.0030935,          0.00080928,           0.0096238,           0.0096238,           0.0096238
                  21,            0.015069,           0.0070701,           0.0020295,              0.9888,             0.98586,             0.98932,             0.91239,           0.0067118,           0.0033498,          0.00075941,            0.009604,            0.009604,            0.009604
                  22,            0.014746,           0.0070942,           0.0019731,             0.98904,             0.98874,             0.98945,             0.90334,            0.006884,           0.0029899,          0.00084613,           0.0095842,           0.0095842,           0.0095842
                  23,            0.014953,             0.00699,           0.0018846,             0.99036,             0.97449,             0.98715,             0.90408,            0.006245,           0.0034914,          0.00075185,           0.0095644,           0.0095644,           0.0095644
                  24,            0.014539,           0.0070108,           0.0019213,             0.99464,             0.98641,             0.98859,             0.89778,           0.0071228,           0.0032455,          0.00067602,           0.0095446,           0.0095446,           0.0095446
                  25,            0.014352,           0.0069702,           0.0018315,              0.9939,             0.98426,             0.99225,             0.91188,           0.0066815,           0.0032608,          0.00072711,           0.0095248,           0.0095248,           0.0095248
                  26,            0.013998,           0.0066759,           0.0013835,             0.99503,             0.98671,             0.98908,             0.90245,           0.0066122,            0.003235,          0.00072561,            0.009505,            0.009505,            0.009505
                  27,            0.013768,           0.0065288,           0.0016313,             0.99123,             0.98884,             0.98903,             0.91346,           0.0062264,           0.0032338,          0.00048411,           0.0094852,           0.0094852,           0.0094852
                  28,            0.014037,             0.00674,           0.0020497,             0.99393,             0.98915,             0.99326,             0.92178,           0.0061529,            0.003242,          0.00052785,           0.0094654,           0.0094654,           0.0094654
                  29,            0.013837,           0.0064941,           0.0015637,             0.99527,              0.9878,               0.992,             0.91115,           0.0068107,           0.0030583,          0.00049353,           0.0094456,           0.0094456,           0.0094456
                  30,             0.01367,           0.0063603,           0.0015753,             0.96748,             0.97434,              0.9854,             0.89799,           0.0071461,           0.0038162,          0.00078098,           0.0094258,           0.0094258,           0.0094258
                  31,            0.013591,           0.0064856,           0.0018631,             0.99347,             0.98868,             0.99144,             0.92177,           0.0062074,           0.0030103,          0.00049832,            0.009406,            0.009406,            0.009406
                  32,            0.013383,           0.0065301,           0.0020105,             0.99438,             0.98916,             0.98942,             0.90757,           0.0062014,           0.0030343,           0.0005643,           0.0093862,           0.0093862,           0.0093862
                  33,            0.013633,           0.0065344,           0.0016951,             0.99387,             0.98881,             0.98967,             0.91712,            0.005923,           0.0030946,          0.00056689,           0.0093664,           0.0093664,           0.0093664
                  34,            0.012974,           0.0063246,           0.0014258,             0.99322,             0.98968,             0.99386,             0.91779,           0.0061575,           0.0030643,          0.00050467,           0.0093466,           0.0093466,           0.0093466
                  35,            0.012858,           0.0063399,           0.0020434,             0.99618,             0.98698,             0.99003,             0.92302,           0.0059594,           0.0031514,          0.00052725,           0.0093268,           0.0093268,           0.0093268
                  36,            0.012681,           0.0062552,           0.0014913,             0.99037,             0.98891,              0.9873,             0.90943,           0.0060804,           0.0030838,           0.0004558,            0.009307,            0.009307,            0.009307
                  37,            0.013239,           0.0062221,           0.0016088,             0.99462,             0.98746,             0.99276,             0.91329,           0.0061331,           0.0031227,          0.00051865,           0.0092872,           0.0092872,           0.0092872
                  38,            0.013077,           0.0064043,           0.0014719,             0.99045,             0.99097,             0.99218,             0.92323,           0.0060604,           0.0030627,          0.00046537,           0.0092674,           0.0092674,           0.0092674
                  39,            0.012824,           0.0061598,           0.0015009,             0.99385,             0.98859,             0.98894,             0.92086,           0.0056793,           0.0031321,          0.00051909,           0.0092476,           0.0092476,           0.0092476
                  40,            0.013016,           0.0062595,           0.0020512,             0.99342,             0.98959,             0.99102,             0.92621,           0.0058503,           0.0030672,          0.00048587,           0.0092278,           0.0092278,           0.0092278
                  41,            0.012593,           0.0062037,           0.0013435,              0.9941,             0.98657,             0.98894,             0.92315,           0.0060644,           0.0029737,          0.00070283,            0.009208,            0.009208,            0.009208
                  42,            0.012463,           0.0062659,           0.0014444,             0.99303,             0.98672,             0.99277,             0.92488,           0.0059449,           0.0029528,          0.00062064,           0.0091882,           0.0091882,           0.0091882
                  43,            0.012636,           0.0061027,           0.0011865,             0.99058,             0.99245,              0.9929,             0.92869,           0.0059017,           0.0029469,          0.00050889,           0.0091684,           0.0091684,           0.0091684
                  44,            0.012552,           0.0061216,           0.0013535,             0.99445,             0.98825,             0.99262,             0.92679,           0.0059251,           0.0029337,          0.00049039,           0.0091486,           0.0091486,           0.0091486
                  45,            0.012065,           0.0061408,            0.001175,             0.99384,             0.99217,             0.99248,             0.92339,           0.0057033,           0.0029304,          0.00054834,           0.0091288,           0.0091288,           0.0091288
                  46,            0.012663,           0.0059389,           0.0014815,             0.98998,             0.98831,             0.99368,             0.92682,           0.0059221,           0.0029703,          0.00055331,            0.009109,            0.009109,            0.009109
                  47,            0.012163,           0.0061416,            0.001648,             0.98987,             0.98771,             0.99004,             0.92134,           0.0062201,           0.0031412,          0.00052012,           0.0090892,           0.0090892,           0.0090892
                  48,            0.012482,            0.006004,           0.0012499,             0.99393,              0.9891,              0.9926,             0.92519,           0.0060332,           0.0029984,          0.00063225,           0.0090694,           0.0090694,           0.0090694
                  49,            0.012368,           0.0061012,           0.0022576,             0.99525,             0.98331,             0.98875,             0.92146,            0.005883,           0.0030812,          0.00065473,           0.0090496,           0.0090496,           0.0090496
                  50,            0.012342,            0.006064,           0.0010815,             0.99205,             0.99138,             0.99245,             0.92397,           0.0056754,             0.00303,           0.0004723,           0.0090298,           0.0090298,           0.0090298
                  51,            0.011952,            0.006041,           0.0013691,             0.99104,             0.98914,             0.99251,              0.9225,           0.0058336,           0.0029692,          0.00058962,             0.00901,             0.00901,             0.00901
                  52,            0.012879,            0.006129,           0.0025076,             0.99403,             0.98242,             0.98956,             0.92338,           0.0063894,           0.0031363,           0.0005622,           0.0089902,           0.0089902,           0.0089902
                  53,            0.012737,           0.0062186,           0.0017186,             0.99338,             0.99048,             0.98899,             0.92245,           0.0057527,           0.0028294,           0.0004633,           0.0089704,           0.0089704,           0.0089704
                  54,            0.011726,            0.005998,           0.0015312,              0.9937,             0.98746,              0.9888,             0.92464,           0.0057568,           0.0029508,          0.00054609,           0.0089506,           0.0089506,           0.0089506
                  55,             0.01213,           0.0058561,           0.0014204,             0.99054,             0.99257,             0.99252,             0.92328,            0.005713,           0.0028524,          0.00047988,           0.0089308,           0.0089308,           0.0089308
                  56,            0.011447,           0.0057957,           0.0013951,              0.9913,             0.99348,             0.99205,             0.92729,           0.0056789,           0.0028093,          0.00049426,            0.008911,            0.008911,            0.008911
                  57,            0.011375,           0.0058321,           0.0012624,             0.99477,             0.98995,             0.99207,             0.92547,           0.0056987,            0.002857,          0.00056402,           0.0088912,           0.0088912,           0.0088912
                  58,            0.011781,           0.0059294,          0.00098436,             0.99525,             0.98553,               0.991,             0.92694,            0.005775,           0.0029601,          0.00064151,           0.0088714,           0.0088714,           0.0088714
                  59,            0.012122,           0.0058633,           0.0015761,             0.99487,             0.98674,             0.99133,             0.92587,           0.0055738,           0.0029513,          0.00057592,           0.0088516,           0.0088516,           0.0088516
                  60,            0.011575,           0.0059212,           0.0016571,              0.9906,             0.98886,             0.99357,             0.92508,           0.0055204,           0.0029952,          0.00050916,           0.0088318,           0.0088318,           0.0088318
                  61,            0.012177,           0.0057932,           0.0014113,             0.99358,             0.98896,             0.98921,             0.92663,           0.0058115,           0.0029607,          0.00059857,            0.008812,            0.008812,            0.008812
                  62,            0.011653,           0.0057384,           0.0015174,             0.99218,              0.9918,              0.9925,             0.92613,           0.0055912,           0.0030206,          0.00050606,           0.0087922,           0.0087922,           0.0087922
                  63,            0.011609,           0.0058348,           0.0010796,             0.99374,              0.9864,             0.99353,             0.93033,           0.0055355,           0.0029412,          0.00066116,           0.0087724,           0.0087724,           0.0087724
                  64,            0.011372,           0.0057115,           0.0013264,             0.99124,             0.98541,             0.98795,             0.92133,           0.0057464,            0.002937,          0.00046155,           0.0087526,           0.0087526,           0.0087526
                  65,            0.011444,           0.0058878,           0.0011342,             0.99259,             0.99009,             0.99279,             0.93325,           0.0055157,           0.0029007,          0.00063825,           0.0087328,           0.0087328,           0.0087328
                  66,            0.011136,           0.0057461,           0.0013993,             0.99367,              0.9885,             0.99304,             0.93409,           0.0054504,           0.0028235,          0.00049107,            0.008713,            0.008713,            0.008713
                  67,            0.011329,           0.0056508,           0.0015803,             0.99227,             0.99075,             0.99221,             0.92824,           0.0056533,           0.0028957,          0.00048542,           0.0086932,           0.0086932,           0.0086932
                  68,            0.011319,           0.0057495,           0.0010667,             0.99085,             0.99191,             0.99048,              0.9307,            0.005552,           0.0028769,           0.0004956,           0.0086734,           0.0086734,           0.0086734
                  69,            0.011074,           0.0057374,           0.0012479,             0.98996,              0.9912,             0.99003,             0.92488,           0.0057317,           0.0029013,          0.00056346,           0.0086536,           0.0086536,           0.0086536
                  70,            0.011265,           0.0056369,          0.00096405,             0.99139,             0.98436,             0.99162,             0.93015,            0.005547,           0.0029996,          0.00048766,           0.0086338,           0.0086338,           0.0086338
                  71,            0.011213,           0.0058523,           0.0016563,             0.98952,             0.99171,             0.98968,             0.92857,           0.0054379,           0.0028896,          0.00059882,            0.008614,            0.008614,            0.008614
                  72,            0.011661,           0.0059464,           0.0021111,             0.99259,             0.98864,             0.99284,              0.9275,           0.0055392,           0.0029513,          0.00050701,           0.0085942,           0.0085942,           0.0085942
                  73,            0.011308,           0.0056698,           0.0012192,             0.99065,             0.99177,             0.99346,             0.93351,           0.0054001,           0.0028995,          0.00051584,           0.0085744,           0.0085744,           0.0085744
                  74,            0.011136,           0.0056593,           0.0014309,             0.98991,             0.99228,             0.99225,             0.92728,           0.0055345,           0.0029032,          0.00044992,           0.0085546,           0.0085546,           0.0085546
                  75,            0.011017,           0.0056811,           0.0013571,             0.99122,             0.99186,             0.99242,              0.9316,           0.0055611,           0.0029373,          0.00048594,           0.0085348,           0.0085348,           0.0085348
                  76,             0.01141,           0.0057093,          0.00097536,             0.99166,             0.99108,             0.99299,             0.93476,           0.0054189,           0.0028364,          0.00055395,            0.008515,            0.008515,            0.008515
                  77,             0.01102,           0.0057356,            0.001122,             0.99207,             0.99026,             0.99275,             0.93189,           0.0055432,           0.0028786,          0.00048755,           0.0084952,           0.0084952,           0.0084952
                  78,            0.011445,           0.0057304,            0.001199,             0.99022,             0.99396,             0.99361,             0.93528,           0.0054275,           0.0028565,          0.00048072,           0.0084754,           0.0084754,           0.0084754
                  79,            0.010981,            0.005529,           0.0011472,             0.99528,             0.99036,             0.99369,             0.93792,           0.0054503,           0.0028214,          0.00060614,           0.0084556,           0.0084556,           0.0084556
                  80,               0.011,            0.005512,           0.0012126,             0.99151,              0.9908,             0.99311,             0.93122,           0.0055471,           0.0028224,          0.00053655,           0.0084358,           0.0084358,           0.0084358
                  81,            0.010977,           0.0056967,           0.0022586,             0.99229,             0.99224,             0.99331,              0.9353,           0.0054723,           0.0028851,          0.00048645,            0.008416,            0.008416,            0.008416
                  82,            0.011189,           0.0056088,          0.00084888,             0.99361,             0.99062,             0.99291,             0.93166,           0.0055298,           0.0027888,          0.00047464,           0.0083962,           0.0083962,           0.0083962
                  83,             0.01124,           0.0055329,           0.0011312,             0.98883,             0.99337,             0.99357,             0.93176,           0.0055091,           0.0028483,          0.00048349,           0.0083764,           0.0083764,           0.0083764
                  84,            0.010653,           0.0056819,           0.0013551,             0.99132,               0.989,             0.99226,             0.93106,           0.0052529,           0.0028479,          0.00071372,           0.0083566,           0.0083566,           0.0083566
                  85,            0.010964,            0.005599,          0.00092844,             0.99164,              0.9889,              0.9922,             0.93217,            0.005342,           0.0028191,          0.00064741,           0.0083368,           0.0083368,           0.0083368
                  86,            0.010968,           0.0054907,           0.0012465,             0.99494,             0.98753,             0.99234,              0.9347,           0.0054263,           0.0028989,          0.00046168,            0.008317,            0.008317,            0.008317
                  87,            0.010727,           0.0055505,           0.0010541,             0.99663,             0.98863,             0.99291,             0.93721,           0.0054167,            0.002797,          0.00045927,           0.0082972,           0.0082972,           0.0082972
                  88,            0.010872,           0.0055689,              0.0012,             0.99641,             0.98781,             0.99029,             0.93609,           0.0052098,           0.0027697,          0.00047773,           0.0082774,           0.0082774,           0.0082774
                  89,             0.01071,           0.0056268,           0.0014038,             0.99393,             0.98955,             0.99326,             0.93857,           0.0052945,           0.0027507,          0.00045358,           0.0082576,           0.0082576,           0.0082576
                  90,            0.011023,           0.0054786,           0.0011475,             0.99392,             0.98892,             0.99362,             0.93771,           0.0053175,           0.0027693,          0.00058109,           0.0082378,           0.0082378,           0.0082378
                  91,            0.010767,           0.0055541,           0.0012786,             0.99508,             0.98659,             0.99298,             0.94187,           0.0051102,           0.0027999,          0.00063365,            0.008218,            0.008218,            0.008218
                  92,            0.011005,           0.0054762,           0.0012651,             0.99649,             0.98608,             0.99137,             0.93552,           0.0052409,           0.0028141,          0.00045919,           0.0081982,           0.0081982,           0.0081982
                  93,            0.010556,           0.0055092,            0.001262,             0.99527,             0.98786,             0.99013,             0.93521,           0.0051022,           0.0029565,          0.00050415,           0.0081784,           0.0081784,           0.0081784
                  94,            0.010424,           0.0054694,           0.0011668,             0.99259,             0.98932,             0.99317,              0.9391,           0.0052241,           0.0027879,          0.00048244,           0.0081586,           0.0081586,           0.0081586
                  95,             0.01088,           0.0058232,           0.0021496,             0.99276,             0.98814,             0.99197,             0.93326,           0.0053026,            0.002754,          0.00058413,           0.0081388,           0.0081388,           0.0081388
                  96,            0.010452,           0.0054898,           0.0012504,             0.99094,             0.99332,             0.99202,             0.93294,           0.0053606,           0.0027897,          0.00045159,            0.008119,            0.008119,            0.008119
                  97,            0.010723,           0.0054395,          0.00085129,             0.99661,             0.98483,             0.99248,              0.9321,           0.0055686,           0.0028214,          0.00050391,           0.0080992,           0.0080992,           0.0080992
                  98,            0.010854,           0.0055798,            0.001049,             0.99335,             0.98959,             0.99318,             0.93607,           0.0053882,           0.0027941,           0.0004566,           0.0080794,           0.0080794,           0.0080794
                  99,            0.010608,           0.0054076,          0.00091915,               0.992,             0.99005,             0.99286,             0.93584,           0.0052091,           0.0027146,          0.00046978,           0.0080596,           0.0080596,           0.0080596
                 100,             0.01042,           0.0053509,           0.0011065,             0.99371,             0.98713,             0.99311,             0.93667,            0.005231,           0.0027778,          0.00051808,           0.0080398,           0.0080398,           0.0080398
                 101,            0.010854,           0.0055114,           0.0014975,             0.99394,             0.99085,             0.99342,             0.93604,           0.0053963,            0.002819,          0.00047137,             0.00802,             0.00802,             0.00802
                 102,            0.010535,           0.0055709,           0.0014119,             0.99386,             0.98637,             0.99375,             0.93519,           0.0054736,           0.0028562,          0.00046528,           0.0080002,           0.0080002,           0.0080002
                 103,            0.010726,           0.0054687,           0.0012446,             0.99526,             0.98672,             0.99317,             0.93617,           0.0052655,           0.0027836,          0.00054152,           0.0079804,           0.0079804,           0.0079804
                 104,            0.010465,           0.0052972,           0.0012665,             0.99261,             0.98876,             0.99245,             0.93475,           0.0054087,           0.0028003,          0.00049637,           0.0079606,           0.0079606,           0.0079606
                 105,            0.010479,           0.0053992,           0.0010245,             0.99259,             0.99006,             0.99249,             0.93488,            0.005426,           0.0027933,          0.00060908,           0.0079408,           0.0079408,           0.0079408
                 106,            0.010294,           0.0052971,           0.0012272,              0.9923,             0.98959,             0.99323,             0.93714,           0.0054433,           0.0027561,          0.00047421,            0.007921,            0.007921,            0.007921
                 107,            0.010522,           0.0054358,           0.0015177,             0.99393,             0.98975,             0.99251,             0.93595,           0.0054374,           0.0027293,          0.00046621,           0.0079012,           0.0079012,           0.0079012
                 108,            0.010226,            0.005271,          0.00095585,              0.9893,             0.99335,             0.99257,              0.9336,           0.0054438,           0.0027901,          0.00057803,           0.0078814,           0.0078814,           0.0078814
                 109,            0.010283,           0.0052085,           0.0011231,              0.9889,             0.99396,             0.99207,             0.93378,           0.0053222,           0.0028082,          0.00049512,           0.0078616,           0.0078616,           0.0078616
                 110,            0.010232,           0.0053774,          0.00087394,             0.99146,             0.99074,             0.99233,             0.93614,           0.0053499,           0.0028022,          0.00047971,           0.0078418,           0.0078418,           0.0078418
                 111,           0.0099652,           0.0051865,           0.0012194,             0.99094,             0.99228,             0.99287,             0.93725,           0.0052905,            0.002786,          0.00049981,            0.007822,            0.007822,            0.007822
                 112,            0.010674,            0.005296,          0.00098658,             0.99047,              0.9906,             0.99289,             0.93617,           0.0054083,           0.0028141,          0.00063304,           0.0078022,           0.0078022,           0.0078022
                 113,            0.010298,           0.0054089,           0.0011894,              0.9926,             0.99079,             0.98981,             0.93566,           0.0053076,           0.0027911,          0.00047884,           0.0077824,           0.0077824,           0.0077824
                 114,            0.010198,           0.0052055,           0.0011565,             0.99368,              0.9889,             0.99223,             0.93576,           0.0052584,           0.0027541,          0.00058627,           0.0077626,           0.0077626,           0.0077626
                 115,           0.0099324,           0.0051986,          0.00085752,             0.99239,             0.98985,             0.98981,             0.93377,           0.0052794,           0.0027647,          0.00055252,           0.0077428,           0.0077428,           0.0077428
                 116,            0.010071,           0.0051372,           0.0011657,             0.99202,              0.9889,             0.99303,             0.93704,           0.0053019,           0.0028074,          0.00056486,            0.007723,            0.007723,            0.007723
                 117,            0.010209,           0.0052416,           0.0010402,             0.99393,             0.99006,             0.99349,             0.93524,           0.0052817,           0.0028122,          0.00059922,           0.0077032,           0.0077032,           0.0077032
                 118,            0.010163,           0.0053296,            0.000919,             0.99354,             0.98909,             0.99206,              0.9349,            0.005338,           0.0027714,          0.00063244,           0.0076834,           0.0076834,           0.0076834
                 119,            0.010273,           0.0052932,          0.00086974,             0.99376,             0.99121,             0.99308,             0.93716,           0.0053375,           0.0027291,          0.00050005,           0.0076636,           0.0076636,           0.0076636
                 120,            0.010035,            0.005187,           0.0010787,             0.99394,             0.99138,             0.99325,             0.93846,           0.0052461,           0.0026885,          0.00048855,           0.0076438,           0.0076438,           0.0076438
                 121,            0.010685,           0.0051954,          0.00096579,             0.99089,             0.99442,             0.99349,             0.93831,           0.0051702,           0.0026725,          0.00047031,            0.007624,            0.007624,            0.007624
                 122,            0.010351,           0.0052545,           0.0016336,             0.99117,             0.99489,             0.99357,             0.94035,           0.0051627,           0.0026873,           0.0005051,           0.0076042,           0.0076042,           0.0076042
                 123,            0.010131,           0.0053146,           0.0011071,             0.99094,             0.99254,             0.99277,             0.93782,           0.0052231,           0.0027016,          0.00047742,           0.0075844,           0.0075844,           0.0075844
                 124,            0.010052,           0.0051466,          0.00080382,             0.99057,             0.99204,             0.99309,             0.93841,            0.005222,           0.0027309,          0.00048354,           0.0075646,           0.0075646,           0.0075646
                 125,             0.01028,           0.0052687,          0.00082828,             0.99393,             0.98944,             0.99296,             0.94004,           0.0051502,           0.0027414,           0.0004899,           0.0075448,           0.0075448,           0.0075448
                 126,            0.010295,           0.0051948,           0.0011307,             0.99393,             0.99002,             0.99251,             0.94033,           0.0051653,           0.0027465,          0.00048534,            0.007525,            0.007525,            0.007525
                 127,            0.010194,           0.0053174,           0.0009096,             0.99172,             0.99297,             0.99238,             0.94015,           0.0051897,           0.0027634,          0.00046327,           0.0075052,           0.0075052,           0.0075052
                 128,           0.0098651,           0.0052443,           0.0012244,             0.99261,             0.99256,              0.9925,              0.9382,           0.0052682,            0.002768,          0.00045831,           0.0074854,           0.0074854,           0.0074854
                 129,            0.010152,            0.005207,          0.00080725,             0.99205,             0.99187,             0.99228,              0.9381,           0.0052309,           0.0027822,          0.00046866,           0.0074656,           0.0074656,           0.0074656
                 130,           0.0096518,           0.0052697,           0.0011964,             0.99195,             0.99273,             0.99218,               0.938,           0.0052138,           0.0027624,          0.00046374,           0.0074458,           0.0074458,           0.0074458
                 131,           0.0097174,           0.0051774,          0.00096945,             0.99051,             0.99216,             0.99221,             0.93855,           0.0051919,           0.0027254,          0.00047399,            0.007426,            0.007426,            0.007426
                 132,           0.0097837,           0.0051454,          0.00067597,             0.99008,             0.99187,             0.99236,             0.93607,           0.0052199,           0.0027006,          0.00048261,           0.0074062,           0.0074062,           0.0074062
                 133,           0.0098537,           0.0051166,          0.00084151,             0.98875,             0.99248,             0.99283,             0.93722,           0.0051922,           0.0027018,          0.00049592,           0.0073864,           0.0073864,           0.0073864
                 134,           0.0098621,           0.0052131,           0.0010662,             0.99392,             0.98886,             0.99297,              0.9374,           0.0051727,           0.0026941,          0.00050297,           0.0073666,           0.0073666,           0.0073666
                 135,            0.010068,           0.0052523,           0.0013166,             0.99393,             0.99002,             0.99087,             0.93653,           0.0051931,           0.0027302,          0.00046688,           0.0073468,           0.0073468,           0.0073468
                 136,           0.0097367,            0.005143,          0.00079248,             0.99361,             0.99051,             0.99209,              0.9372,           0.0052448,           0.0027293,          0.00045031,            0.007327,            0.007327,            0.007327
                 137,           0.0097568,           0.0050578,          0.00099431,             0.99385,             0.99079,             0.99055,             0.93588,           0.0052622,           0.0027366,          0.00045301,           0.0073072,           0.0073072,           0.0073072
                 138,           0.0099328,           0.0052951,           0.0009453,             0.99394,             0.99068,             0.99033,             0.93435,           0.0052596,           0.0027361,          0.00046076,           0.0072874,           0.0072874,           0.0072874
                 139,           0.0096862,           0.0050857,          0.00094641,             0.99394,             0.99084,             0.99234,             0.93582,           0.0052891,           0.0027024,          0.00047156,           0.0072676,           0.0072676,           0.0072676
                 140,           0.0098582,           0.0050888,           0.0011129,             0.99372,             0.99129,              0.9929,             0.93803,           0.0052982,           0.0027093,          0.00046554,           0.0072478,           0.0072478,           0.0072478
                 141,            0.010177,           0.0052191,           0.0014812,             0.99358,             0.99228,             0.99273,             0.93622,           0.0052927,           0.0027128,          0.00045744,            0.007228,            0.007228,            0.007228
                 142,           0.0095977,           0.0051411,           0.0013333,             0.99329,             0.99228,             0.99273,             0.93577,            0.005283,           0.0027036,          0.00045746,           0.0072082,           0.0072082,           0.0072082
                 143,            0.010033,           0.0050697,          0.00096126,             0.99343,             0.99228,             0.99282,             0.93519,           0.0052894,           0.0027231,          0.00045552,           0.0071884,           0.0071884,           0.0071884
                 144,           0.0096107,           0.0050377,          0.00090912,             0.99346,             0.99294,              0.9928,             0.93512,           0.0052581,           0.0027345,          0.00045436,           0.0071686,           0.0071686,           0.0071686
                 145,           0.0093629,           0.0049577,          0.00060194,             0.99345,             0.99303,             0.99301,             0.93637,           0.0052498,           0.0027461,          0.00044485,           0.0071488,           0.0071488,           0.0071488
                 146,           0.0096926,           0.0050366,           0.0011869,             0.99346,             0.99292,             0.99318,             0.93799,           0.0052451,           0.0027355,          0.00044128,            0.007129,            0.007129,            0.007129
                 147,           0.0098013,           0.0050881,           0.0015724,             0.99334,              0.9923,             0.99334,             0.93704,           0.0052297,           0.0027323,          0.00044374,           0.0071092,           0.0071092,           0.0071092
                 148,           0.0099089,            0.005117,          0.00073683,             0.99307,             0.99396,             0.99332,             0.93653,           0.0052106,           0.0027224,          0.00045556,           0.0070894,           0.0070894,           0.0070894
                 149,           0.0097017,           0.0051283,            0.001133,             0.99346,             0.99298,             0.99334,             0.93809,           0.0051647,           0.0027193,          0.00045756,           0.0070696,           0.0070696,           0.0070696
                 150,           0.0096046,           0.0050769,           0.0015122,             0.99394,             0.99097,             0.99329,             0.93763,           0.0051155,           0.0027264,          0.00047136,           0.0070498,           0.0070498,           0.0070498
                 151,           0.0096731,            0.005078,           0.0010823,             0.99393,             0.99059,             0.99311,             0.93817,           0.0050595,           0.0027315,          0.00046902,             0.00703,             0.00703,             0.00703
                 152,           0.0096694,           0.0049874,          0.00080568,             0.99065,             0.99362,             0.99286,             0.93768,           0.0050418,           0.0027279,          0.00046976,           0.0070102,           0.0070102,           0.0070102
                 153,           0.0093965,           0.0050437,          0.00078959,              0.9907,             0.99368,             0.99292,             0.93794,           0.0050425,           0.0027166,          0.00047163,           0.0069904,           0.0069904,           0.0069904
                 154,           0.0094545,           0.0048591,          0.00058925,             0.99059,             0.99361,             0.99304,             0.93812,           0.0050211,            0.002708,          0.00047479,           0.0069706,           0.0069706,           0.0069706
                 155,           0.0094275,           0.0049795,          0.00095448,             0.99076,             0.99366,             0.99323,             0.93838,            0.005024,           0.0026953,          0.00047571,           0.0069508,           0.0069508,           0.0069508
                 156,           0.0096039,           0.0049231,           0.0009828,             0.99394,             0.99118,             0.99338,             0.93969,           0.0050583,           0.0026998,          0.00048009,            0.006931,            0.006931,            0.006931
                 157,           0.0096941,           0.0049765,          0.00096438,             0.99394,             0.99177,             0.99337,             0.93866,            0.005095,           0.0027143,          0.00048688,           0.0069112,           0.0069112,           0.0069112
                 158,            0.009651,            0.004915,           0.0012097,             0.99078,             0.99396,             0.99325,             0.93941,           0.0051065,           0.0027277,          0.00049275,           0.0068914,           0.0068914,           0.0068914
                 159,           0.0096406,           0.0051031,           0.0012221,             0.99077,             0.99396,             0.99319,             0.94018,           0.0051291,           0.0027334,          0.00049008,           0.0068716,           0.0068716,           0.0068716
                 160,           0.0097787,           0.0049312,           0.0012009,             0.99107,             0.99393,             0.99313,             0.93997,           0.0051507,           0.0027389,          0.00049395,           0.0068518,           0.0068518,           0.0068518
                 161,           0.0095419,           0.0049392,          0.00084111,             0.99091,             0.99396,              0.9931,             0.94082,            0.005193,           0.0027318,          0.00050232,            0.006832,            0.006832,            0.006832
                 162,           0.0092761,           0.0049692,          0.00095236,             0.99127,             0.99123,             0.99322,             0.94024,           0.0051931,           0.0027354,          0.00050496,           0.0068122,           0.0068122,           0.0068122
                 163,           0.0094618,           0.0048893,           0.0009038,             0.99393,             0.99037,             0.99323,             0.94063,           0.0051896,           0.0027324,            0.000499,           0.0067924,           0.0067924,           0.0067924
                 164,           0.0092059,           0.0050358,           0.0011241,             0.99394,             0.99114,             0.99353,             0.94007,           0.0051927,           0.0027376,          0.00049629,           0.0067726,           0.0067726,           0.0067726
                 165,           0.0091162,           0.0049487,           0.0010607,             0.99375,             0.99157,             0.99365,             0.94007,           0.0051841,           0.0027249,          0.00049984,           0.0067528,           0.0067528,           0.0067528
                 166,           0.0094338,           0.0048377,          0.00063805,             0.99374,             0.99068,             0.99368,             0.94019,           0.0051645,           0.0027205,          0.00050086,            0.006733,            0.006733,            0.006733
                 167,           0.0097514,           0.0049422,          0.00098395,             0.99345,              0.9923,             0.99381,              0.9405,            0.005152,           0.0027238,          0.00049372,           0.0067132,           0.0067132,           0.0067132
                 168,           0.0094036,           0.0050165,           0.0011188,             0.99395,              0.9924,             0.99381,             0.94062,           0.0051475,           0.0027209,          0.00049157,           0.0066934,           0.0066934,           0.0066934
                 169,           0.0093545,           0.0048485,          0.00097466,             0.99378,             0.99249,             0.99381,              0.9401,           0.0051552,           0.0027161,          0.00048984,           0.0066736,           0.0066736,           0.0066736
                 170,           0.0094993,           0.0049973,            0.001096,             0.99395,             0.99224,             0.99379,             0.94033,           0.0051578,           0.0027141,          0.00048972,           0.0066538,           0.0066538,           0.0066538
                 171,           0.0094333,           0.0049835,            0.001021,             0.99372,             0.99054,             0.99373,              0.9399,           0.0051577,            0.002711,          0.00048951,            0.006634,            0.006634,            0.006634
                 172,           0.0098145,           0.0048438,          0.00081346,             0.99374,              0.9905,             0.99378,             0.94076,           0.0051567,           0.0027125,          0.00048945,           0.0066142,           0.0066142,           0.0066142
                 173,           0.0097868,           0.0050063,          0.00087381,             0.99378,             0.99055,             0.99382,             0.94004,           0.0051514,           0.0027117,          0.00048268,           0.0065944,           0.0065944,           0.0065944
                 174,           0.0096494,           0.0048917,           0.0012753,              0.9926,              0.9905,             0.99377,             0.93968,           0.0051623,           0.0027133,          0.00048872,           0.0065746,           0.0065746,           0.0065746
                 175,           0.0096665,           0.0051548,           0.0013329,             0.99228,             0.99052,             0.99382,             0.94045,           0.0051435,           0.0027096,          0.00048614,           0.0065548,           0.0065548,           0.0065548
                 176,           0.0098705,           0.0050154,            0.001205,              0.9921,              0.9905,             0.99382,             0.94073,           0.0051318,           0.0027095,          0.00048504,            0.006535,            0.006535,            0.006535
                 177,           0.0093243,           0.0049924,           0.0011759,             0.99222,             0.99046,             0.99384,             0.94145,           0.0051284,           0.0027058,          0.00048942,           0.0065152,           0.0065152,           0.0065152
                 178,           0.0095368,           0.0049872,          0.00083793,             0.99218,              0.9903,             0.99381,             0.94187,           0.0051494,           0.0027031,          0.00049225,           0.0064954,           0.0064954,           0.0064954
                 179,           0.0095301,           0.0048186,           0.0007787,             0.99131,             0.99132,             0.99379,             0.94113,           0.0051639,           0.0027064,           0.0004897,           0.0064756,           0.0064756,           0.0064756
                 180,            0.009683,           0.0048889,          0.00081486,             0.99144,             0.99127,             0.99371,             0.93998,            0.005167,           0.0027071,          0.00049006,           0.0064558,           0.0064558,           0.0064558
                 181,           0.0093688,           0.0048139,          0.00093951,             0.99174,             0.99126,             0.99355,             0.93975,           0.0051629,            0.002707,          0.00049309,            0.006436,            0.006436,            0.006436
                 182,            0.009097,           0.0048041,            0.001047,               0.992,             0.99142,             0.99362,             0.94016,           0.0051781,           0.0027043,          0.00047973,           0.0064162,           0.0064162,           0.0064162
                 183,           0.0088684,           0.0048115,           0.0011729,             0.99214,             0.99146,             0.99366,                0.94,           0.0051684,           0.0027021,          0.00047301,           0.0063964,           0.0063964,           0.0063964
                 184,           0.0093322,           0.0048334,            0.000684,             0.99238,              0.9907,             0.99364,             0.94037,           0.0051633,           0.0027056,          0.00046784,           0.0063766,           0.0063766,           0.0063766
                 185,           0.0090934,           0.0048911,           0.0011828,             0.99231,             0.99093,             0.99362,             0.93965,           0.0051545,           0.0027036,          0.00046825,           0.0063568,           0.0063568,           0.0063568
                 186,           0.0091841,           0.0048119,          0.00067939,             0.99226,             0.99093,             0.99371,             0.93989,            0.005145,           0.0026966,          0.00046733,            0.006337,            0.006337,            0.006337
                 187,           0.0088318,           0.0047512,           0.0005544,             0.99224,             0.99093,              0.9937,             0.93913,            0.005124,           0.0026982,          0.00046724,           0.0063172,           0.0063172,           0.0063172
                 188,           0.0090625,           0.0048053,          0.00070167,             0.99219,             0.99093,             0.99372,             0.93961,           0.0051111,           0.0026973,          0.00046578,           0.0062974,           0.0062974,           0.0062974
                 189,           0.0090359,           0.0046793,           0.0011698,             0.99217,             0.99093,             0.99362,             0.94026,           0.0051145,           0.0026958,          0.00046374,           0.0062776,           0.0062776,           0.0062776
                 190,           0.0089608,           0.0047264,          0.00096108,             0.99216,             0.99093,             0.99359,             0.94057,           0.0051153,           0.0026964,          0.00046272,           0.0062578,           0.0062578,           0.0062578
                 191,           0.0090503,           0.0048479,           0.0014369,             0.99394,             0.99075,             0.99353,             0.94052,           0.0051153,           0.0026975,          0.00046285,            0.006238,            0.006238,            0.006238
                 192,           0.0091701,           0.0048196,          0.00079533,             0.99374,             0.99069,             0.99343,             0.94046,           0.0051167,            0.002703,          0.00046434,           0.0062182,           0.0062182,           0.0062182
                 193,           0.0088999,           0.0048717,          0.00077722,             0.99374,             0.99068,             0.99333,             0.94062,           0.0051277,           0.0027054,           0.0004672,           0.0061984,           0.0061984,           0.0061984
                 194,           0.0087812,           0.0046973,          0.00090585,             0.99374,             0.99062,             0.99322,             0.93885,           0.0051322,           0.0027087,          0.00046925,           0.0061786,           0.0061786,           0.0061786
                 195,            0.009079,           0.0048422,          0.00079223,             0.99374,             0.99062,              0.9932,             0.93961,           0.0051311,           0.0027114,          0.00047184,           0.0061588,           0.0061588,           0.0061588
                 196,           0.0090151,           0.0048282,          0.00049244,             0.99373,             0.99061,             0.99314,             0.93967,           0.0051251,           0.0027114,          0.00047529,            0.006139,            0.006139,            0.006139
                 197,            0.008808,           0.0047401,          0.00066853,             0.99372,             0.99059,             0.99301,             0.93999,           0.0051245,           0.0027104,          0.00047637,           0.0061192,           0.0061192,           0.0061192
                 198,           0.0093287,           0.0049637,          0.00088225,             0.99372,             0.99059,             0.99291,             0.94023,           0.0051223,           0.0027072,          0.00047667,           0.0060994,           0.0060994,           0.0060994
                 199,             0.00909,           0.0047685,           0.0007499,             0.99372,             0.99061,             0.99281,             0.94023,           0.0051271,           0.0027087,          0.00047788,           0.0060796,           0.0060796,           0.0060796
                 200,           0.0091637,           0.0049132,           0.0010391,             0.99373,             0.99057,             0.99275,             0.94008,           0.0051236,           0.0027085,          0.00047834,           0.0060598,           0.0060598,           0.0060598
                 201,            0.008897,           0.0048215,          0.00066175,             0.99373,             0.99052,             0.99284,             0.94032,           0.0051228,           0.0027107,            0.000479,             0.00604,             0.00604,             0.00604
                 202,           0.0089015,           0.0047381,          0.00068436,             0.99373,             0.99053,             0.99282,             0.94066,           0.0051317,           0.0027129,           0.0004796,           0.0060202,           0.0060202,           0.0060202
                 203,           0.0089252,           0.0047281,          0.00086354,             0.99374,             0.99049,             0.99279,             0.94113,           0.0051342,           0.0027139,          0.00047784,           0.0060004,           0.0060004,           0.0060004
                 204,            0.008928,           0.0048353,           0.0010423,             0.99374,             0.99051,              0.9928,             0.94132,           0.0051304,           0.0027128,          0.00047705,           0.0059806,           0.0059806,           0.0059806
                 205,            0.008913,            0.004841,          0.00077756,             0.99374,             0.99051,             0.99287,             0.94195,           0.0051303,           0.0027166,          0.00047809,           0.0059608,           0.0059608,           0.0059608
                 206,           0.0086548,           0.0048057,          0.00091965,             0.99374,             0.99058,             0.99279,             0.94204,           0.0051296,           0.0027162,          0.00047743,            0.005941,            0.005941,            0.005941
                 207,            0.009025,           0.0046324,          0.00095261,             0.99374,             0.99062,             0.99299,             0.94219,           0.0051297,           0.0027172,          0.00047864,           0.0059212,           0.0059212,           0.0059212
                 208,           0.0090104,           0.0047201,          0.00080402,             0.99374,             0.99063,             0.99304,             0.94218,           0.0051353,           0.0027165,          0.00047816,           0.0059014,           0.0059014,           0.0059014
                 209,           0.0090866,           0.0048271,            0.000904,             0.99374,             0.99062,             0.99296,             0.94241,           0.0051377,           0.0027167,          0.00047771,           0.0058816,           0.0058816,           0.0058816
                 210,           0.0086289,           0.0046611,          0.00082358,             0.99374,             0.99061,              0.9929,             0.94273,           0.0051327,           0.0027162,          0.00047816,           0.0058618,           0.0058618,           0.0058618
                 211,           0.0090104,           0.0048004,          0.00095145,             0.99375,             0.99067,              0.9929,             0.94222,           0.0051363,           0.0027163,          0.00047758,            0.005842,            0.005842,            0.005842
                 212,           0.0087896,           0.0046921,            0.001093,             0.99376,             0.99076,             0.99277,             0.94178,           0.0051342,           0.0027175,          0.00047711,           0.0058222,           0.0058222,           0.0058222
                 213,           0.0088224,            0.004805,           0.0010075,             0.99381,             0.99077,             0.99279,             0.94138,            0.005136,           0.0027157,          0.00047678,           0.0058024,           0.0058024,           0.0058024
                 214,           0.0091259,           0.0047656,          0.00081232,              0.9938,             0.99077,             0.99276,             0.94166,           0.0051368,           0.0027141,          0.00047581,           0.0057826,           0.0057826,           0.0057826
                 215,           0.0087549,           0.0047185,          0.00070965,             0.99385,             0.99079,             0.99273,             0.94162,           0.0051396,           0.0027123,          0.00047348,           0.0057628,           0.0057628,           0.0057628
                 216,           0.0087419,           0.0047716,           0.0010772,             0.99387,              0.9908,             0.99276,             0.94124,           0.0051405,             0.00271,           0.0004713,            0.005743,            0.005743,            0.005743
                 217,            0.008684,           0.0047317,           0.0012372,             0.99388,              0.9908,             0.99282,             0.94127,           0.0051391,           0.0027077,          0.00047119,           0.0057232,           0.0057232,           0.0057232
                 218,           0.0085047,           0.0046429,          0.00090002,             0.99387,             0.99079,             0.99296,             0.94155,           0.0051328,           0.0027061,           0.0004682,           0.0057034,           0.0057034,           0.0057034
                 219,           0.0090963,           0.0048487,          0.00088738,             0.99392,              0.9908,             0.99288,             0.94148,           0.0051358,           0.0027085,          0.00046714,           0.0056836,           0.0056836,           0.0056836
                 220,           0.0087193,           0.0047457,           0.0009685,             0.99394,             0.99079,             0.99292,             0.94107,           0.0051359,           0.0027079,          0.00046627,           0.0056638,           0.0056638,           0.0056638
                 221,           0.0087284,           0.0047019,          0.00058729,             0.99394,             0.99079,             0.99297,             0.94049,           0.0051357,            0.002706,          0.00046639,            0.005644,            0.005644,            0.005644
                 222,           0.0087445,           0.0045909,          0.00075307,             0.99394,             0.99077,             0.99307,             0.94101,           0.0051332,            0.002704,          0.00046639,           0.0056242,           0.0056242,           0.0056242
                 223,           0.0091771,           0.0046371,          0.00089569,             0.99392,             0.99079,             0.99303,              0.9411,           0.0051373,           0.0027037,          0.00046501,           0.0056044,           0.0056044,           0.0056044
                 224,           0.0087925,           0.0047057,          0.00068454,             0.99391,             0.99078,             0.99302,             0.94098,           0.0051374,           0.0027044,          0.00046485,           0.0055846,           0.0055846,           0.0055846
                 225,           0.0089663,           0.0047148,           0.0011408,             0.99394,             0.99076,             0.99298,              0.9415,           0.0051388,           0.0027054,          0.00046432,           0.0055648,           0.0055648,           0.0055648
                 226,           0.0089982,           0.0048997,            0.001081,             0.99394,             0.99077,             0.99305,             0.94131,           0.0051373,           0.0027059,          0.00046381,            0.005545,            0.005545,            0.005545
                 227,           0.0082792,           0.0047679,          0.00070743,             0.99394,             0.99076,             0.99307,             0.94168,           0.0051389,           0.0027067,          0.00046389,           0.0055252,           0.0055252,           0.0055252
                 228,           0.0085125,           0.0046375,          0.00079006,             0.99394,             0.99075,             0.99307,             0.94085,           0.0051388,           0.0027061,          0.00046376,           0.0055054,           0.0055054,           0.0055054
                 229,           0.0086447,           0.0047134,          0.00085085,             0.99394,             0.99073,             0.99306,             0.94122,           0.0051415,           0.0027063,          0.00046373,           0.0054856,           0.0054856,           0.0054856
                 230,           0.0085832,           0.0046155,            0.001012,             0.99394,              0.9907,             0.99303,              0.9402,           0.0051428,           0.0027071,          0.00046343,           0.0054658,           0.0054658,           0.0054658
                 231,           0.0088161,           0.0046038,          0.00071016,             0.99394,             0.99067,             0.99286,             0.94059,           0.0051473,           0.0027082,          0.00046383,            0.005446,            0.005446,            0.005446
                 232,           0.0091369,           0.0046896,          0.00076098,             0.99394,             0.99066,             0.99286,             0.94012,           0.0051458,             0.00271,          0.00046425,           0.0054262,           0.0054262,           0.0054262
                 233,           0.0085508,           0.0047314,          0.00075818,             0.99394,             0.99066,             0.99283,             0.94089,           0.0051448,           0.0027112,           0.0004639,           0.0054064,           0.0054064,           0.0054064
                 234,           0.0086948,           0.0046846,          0.00083255,             0.99394,             0.99062,             0.99288,             0.94089,           0.0051466,           0.0027122,          0.00046381,           0.0053866,           0.0053866,           0.0053866
                 235,            0.008977,           0.0046477,          0.00098913,             0.99394,              0.9906,             0.99291,             0.94148,           0.0051493,            0.002713,          0.00046426,           0.0053668,           0.0053668,           0.0053668
                 236,           0.0084849,           0.0047463,          0.00058389,             0.99394,             0.99057,             0.99288,              0.9416,           0.0051539,           0.0027133,           0.0004632,            0.005347,            0.005347,            0.005347
                 237,           0.0085211,           0.0044844,          0.00052374,             0.99267,             0.98947,             0.99293,             0.94098,           0.0051596,            0.002714,          0.00046392,           0.0053272,           0.0053272,           0.0053272
                 238,           0.0086559,           0.0045808,          0.00083956,             0.99263,             0.98948,             0.99291,             0.94091,           0.0051673,           0.0027151,          0.00046472,           0.0053074,           0.0053074,           0.0053074
                 239,           0.0081935,            0.004601,          0.00074168,             0.99263,              0.9895,             0.99301,             0.94031,           0.0051701,           0.0027166,          0.00046506,           0.0052876,           0.0052876,           0.0052876
                 240,           0.0084854,           0.0046067,          0.00094785,             0.99262,             0.98954,             0.99309,             0.94089,           0.0051745,           0.0027163,          0.00046584,           0.0052678,           0.0052678,           0.0052678
                 241,           0.0086653,           0.0046562,          0.00095782,             0.99264,             0.98957,             0.99313,             0.94085,           0.0051797,           0.0027172,          0.00046647,            0.005248,            0.005248,            0.005248
                 242,           0.0088423,           0.0047335,          0.00095614,             0.99255,             0.98959,             0.99321,             0.94132,           0.0051846,           0.0027193,          0.00046626,           0.0052282,           0.0052282,           0.0052282
                 243,           0.0086668,           0.0047458,          0.00064212,             0.99246,             0.98959,             0.99317,             0.94063,           0.0051887,           0.0027212,           0.0004666,           0.0052084,           0.0052084,           0.0052084
                 244,           0.0084259,           0.0047907,           0.0012133,             0.99296,             0.98938,             0.99322,             0.94078,           0.0051951,           0.0027222,          0.00046696,           0.0051886,           0.0051886,           0.0051886
                 245,           0.0086878,              0.0046,          0.00076493,             0.99384,              0.9907,             0.99322,             0.94056,           0.0051977,           0.0027228,          0.00046648,           0.0051688,           0.0051688,           0.0051688
                 246,           0.0083669,           0.0046048,           0.0010055,             0.99382,             0.99065,             0.99327,             0.94038,           0.0052006,           0.0027223,           0.0004664,            0.005149,            0.005149,            0.005149
                 247,           0.0085554,           0.0046868,            0.001061,             0.99382,             0.99062,             0.99326,             0.94029,           0.0052058,           0.0027236,          0.00046571,           0.0051292,           0.0051292,           0.0051292
                 248,           0.0085284,           0.0045552,           0.0011548,             0.99379,             0.99057,             0.99326,             0.94038,           0.0052063,           0.0027244,          0.00046501,           0.0051094,           0.0051094,           0.0051094
                 249,           0.0084837,           0.0047263,          0.00057807,             0.99378,             0.99052,             0.99323,             0.94024,            0.005212,           0.0027246,          0.00046458,           0.0050896,           0.0050896,           0.0050896
                 250,           0.0082749,           0.0046631,          0.00085915,             0.99377,             0.99049,             0.99321,             0.94014,           0.0052128,           0.0027243,          0.00046333,           0.0050698,           0.0050698,           0.0050698
                 251,           0.0082949,            0.004555,          0.00086905,             0.99376,             0.99046,             0.99321,             0.94108,            0.005213,           0.0027239,           0.0004631,             0.00505,             0.00505,             0.00505
                 252,           0.0085141,           0.0046031,          0.00089139,             0.99376,             0.99044,             0.99321,             0.94142,           0.0052124,           0.0027234,          0.00046281,           0.0050302,           0.0050302,           0.0050302
                 253,           0.0085415,           0.0045631,          0.00088578,             0.99375,             0.99043,             0.99321,             0.94099,           0.0052135,           0.0027235,          0.00046235,           0.0050104,           0.0050104,           0.0050104
                 254,            0.008476,            0.004493,          0.00067142,             0.99375,             0.99045,             0.99319,             0.94144,           0.0052164,           0.0027234,          0.00046214,           0.0049906,           0.0049906,           0.0049906
                 255,           0.0083313,           0.0045919,           0.0004488,             0.99375,             0.99045,             0.99314,             0.94131,           0.0052184,           0.0027238,          0.00046166,           0.0049708,           0.0049708,           0.0049708
                 256,           0.0081477,           0.0045058,           0.0010859,             0.99375,             0.99044,              0.9931,             0.94123,           0.0052177,           0.0027236,          0.00046069,            0.004951,            0.004951,            0.004951
                 257,           0.0085228,           0.0046337,            0.001126,             0.99374,             0.99045,              0.9931,             0.94101,           0.0052198,           0.0027224,          0.00046055,           0.0049312,           0.0049312,           0.0049312
                 258,           0.0086961,           0.0045381,            0.000639,             0.99374,             0.99042,             0.99307,             0.94018,            0.005222,           0.0027218,          0.00046058,           0.0049114,           0.0049114,           0.0049114
                 259,           0.0084865,           0.0046567,          0.00066081,             0.99374,              0.9904,             0.99307,              0.9406,           0.0052248,           0.0027217,          0.00046042,           0.0048916,           0.0048916,           0.0048916
                 260,           0.0080983,           0.0043469,          0.00090702,             0.99374,             0.99039,             0.99309,             0.94053,           0.0052288,            0.002722,          0.00046019,           0.0048718,           0.0048718,           0.0048718
                 261,           0.0083657,            0.004651,          0.00085879,             0.99373,             0.99039,             0.99309,             0.94032,           0.0052297,           0.0027217,          0.00046017,            0.004852,            0.004852,            0.004852
                 262,           0.0084926,           0.0046264,          0.00050499,             0.99374,              0.9904,             0.99304,             0.94093,           0.0052327,           0.0027214,           0.0004599,           0.0048322,           0.0048322,           0.0048322
                 263,           0.0081266,           0.0044667,          0.00069686,             0.99374,             0.99042,             0.99308,             0.94098,           0.0052356,            0.002721,           0.0004595,           0.0048124,           0.0048124,           0.0048124
                 264,           0.0081719,           0.0044279,          0.00059639,             0.99374,             0.99042,             0.99303,             0.94015,           0.0052363,           0.0027215,          0.00045895,           0.0047926,           0.0047926,           0.0047926
                 265,           0.0085538,           0.0043892,          0.00062849,             0.99374,             0.99041,             0.99303,             0.94085,           0.0052365,           0.0027208,          0.00045878,           0.0047728,           0.0047728,           0.0047728
                 266,           0.0081882,           0.0044008,          0.00054007,             0.99375,             0.99041,             0.99299,              0.9408,           0.0052373,           0.0027214,          0.00045848,            0.004753,            0.004753,            0.004753
                 267,           0.0086741,           0.0044809,          0.00060896,             0.99375,             0.99041,             0.99304,             0.94084,           0.0052385,           0.0027219,          0.00045827,           0.0047332,           0.0047332,           0.0047332
                 268,           0.0080753,           0.0044259,          0.00056125,             0.99374,              0.9904,             0.99298,             0.94063,           0.0052408,           0.0027229,          0.00045778,           0.0047134,           0.0047134,           0.0047134
                 269,            0.008495,           0.0045543,           0.0008222,             0.99375,             0.99039,             0.99303,             0.94058,           0.0052426,           0.0027234,          0.00045764,           0.0046936,           0.0046936,           0.0046936
                 270,           0.0080819,           0.0044643,          0.00082828,             0.99374,             0.99039,             0.99303,             0.94047,           0.0052457,           0.0027231,           0.0004575,           0.0046738,           0.0046738,           0.0046738
                 271,           0.0081371,           0.0043997,          0.00050412,             0.99374,             0.99039,             0.99303,             0.94027,           0.0052439,           0.0027238,          0.00045705,            0.004654,            0.004654,            0.004654
                 272,           0.0078071,           0.0042808,          0.00050475,             0.99374,             0.99039,             0.99301,             0.94032,           0.0052415,           0.0027236,          0.00045612,           0.0046342,           0.0046342,           0.0046342
                 273,           0.0082722,           0.0044355,          0.00071506,             0.99374,             0.99038,             0.99296,             0.94008,           0.0052446,            0.002724,          0.00045543,           0.0046144,           0.0046144,           0.0046144
                 274,           0.0084111,            0.004308,          0.00056638,             0.99373,             0.99039,             0.99297,             0.93973,           0.0052481,           0.0027245,          0.00045534,           0.0045946,           0.0045946,           0.0045946
                 275,           0.0076588,           0.0043166,          0.00063216,             0.99374,             0.99038,             0.99297,             0.93972,           0.0052505,           0.0027252,          0.00045512,           0.0045748,           0.0045748,           0.0045748
                 276,           0.0083357,            0.004331,          0.00073737,             0.99374,             0.99039,             0.99291,             0.93932,           0.0052513,           0.0027257,          0.00045487,            0.004555,            0.004555,            0.004555
                 277,           0.0082731,           0.0043437,          0.00049656,             0.99374,             0.99039,             0.99291,             0.93933,           0.0052536,           0.0027262,          0.00045501,           0.0045352,           0.0045352,           0.0045352
                 278,           0.0082602,           0.0044132,          0.00052357,             0.99374,              0.9904,             0.99291,             0.93968,           0.0052562,           0.0027258,          0.00045449,           0.0045154,           0.0045154,           0.0045154
                 279,           0.0080352,           0.0043894,          0.00090358,             0.99374,             0.99041,             0.99296,             0.94004,           0.0052538,           0.0027256,          0.00045395,           0.0044956,           0.0044956,           0.0044956
                 280,           0.0079339,           0.0044606,          0.00069562,             0.99374,             0.99043,             0.99296,             0.94009,           0.0052511,           0.0027262,          0.00045311,           0.0044758,           0.0044758,           0.0044758
                 281,           0.0083069,           0.0044387,          0.00063412,             0.99374,             0.99044,             0.99293,             0.93995,           0.0052523,           0.0027266,          0.00045294,            0.004456,            0.004456,            0.004456
                 282,           0.0082843,           0.0044421,          0.00069473,             0.99374,             0.99045,             0.99293,             0.93971,             0.00525,           0.0027267,          0.00045279,           0.0044362,           0.0044362,           0.0044362
                 283,            0.008244,           0.0044505,          0.00076942,             0.99375,             0.99045,             0.99298,             0.93977,           0.0052503,           0.0027267,          0.00045277,           0.0044164,           0.0044164,           0.0044164
                 284,           0.0079575,           0.0044285,          0.00066713,             0.99374,             0.99045,             0.99298,             0.94014,           0.0052509,           0.0027273,          0.00045201,           0.0043966,           0.0043966,           0.0043966
                 285,           0.0079298,           0.0044765,          0.00071709,             0.99375,             0.99047,             0.99297,             0.93968,           0.0052531,           0.0027272,          0.00045165,           0.0043768,           0.0043768,           0.0043768
                 286,           0.0078778,           0.0044913,           0.0010167,             0.99374,             0.99047,             0.99299,             0.94022,           0.0052572,           0.0027277,          0.00045079,            0.004357,            0.004357,            0.004357
                 287,           0.0084249,           0.0043269,          0.00081468,             0.99374,             0.99047,             0.99297,             0.93976,           0.0052593,           0.0027285,             0.00045,           0.0043372,           0.0043372,           0.0043372
                 288,           0.0083031,           0.0044838,          0.00094722,             0.99374,             0.99047,             0.99291,             0.93927,            0.005262,           0.0027287,          0.00044945,           0.0043174,           0.0043174,           0.0043174
                 289,           0.0081269,            0.004524,          0.00069465,             0.99375,             0.99046,             0.99289,             0.93944,           0.0052646,           0.0027289,          0.00044904,           0.0042976,           0.0042976,           0.0042976
                 290,           0.0081886,           0.0043959,          0.00073843,             0.99375,             0.99046,             0.99288,             0.93911,            0.005266,           0.0027291,          0.00044842,           0.0042778,           0.0042778,           0.0042778
                 291,           0.0084208,           0.0044666,           0.0009582,             0.99374,             0.99046,             0.99287,             0.93898,           0.0052653,            0.002729,           0.0004478,            0.004258,            0.004258,            0.004258
                 292,           0.0079868,           0.0044329,           0.0010958,             0.99375,             0.99046,             0.99284,             0.93893,           0.0052689,           0.0027295,          0.00044765,           0.0042382,           0.0042382,           0.0042382
                 293,           0.0080211,           0.0044146,          0.00075691,             0.99375,             0.99045,             0.99282,             0.93884,           0.0052692,           0.0027299,          0.00044757,           0.0042184,           0.0042184,           0.0042184
                 294,           0.0081475,           0.0044727,          0.00092644,             0.99374,             0.99045,             0.99272,             0.93892,           0.0052713,           0.0027308,          0.00044734,           0.0041986,           0.0041986,           0.0041986
                 295,           0.0079049,           0.0043729,          0.00069137,             0.99375,             0.99045,             0.99283,             0.93924,           0.0052724,           0.0027316,          0.00044702,           0.0041788,           0.0041788,           0.0041788
                 296,           0.0081155,           0.0043619,          0.00079631,             0.99375,             0.99046,             0.99274,             0.93926,           0.0052712,           0.0027306,          0.00044697,            0.004159,            0.004159,            0.004159
                 297,           0.0078954,           0.0043958,          0.00073181,             0.99375,             0.99045,             0.99279,             0.93925,           0.0052724,           0.0027304,          0.00044699,           0.0041392,           0.0041392,           0.0041392
                 298,           0.0077856,           0.0043825,          0.00098038,             0.99376,             0.99046,             0.99276,             0.93939,           0.0052728,           0.0027301,          0.00044708,           0.0041194,           0.0041194,           0.0041194
                 299,           0.0081785,           0.0044889,          0.00062803,             0.99376,             0.99046,             0.99277,             0.93947,            0.005273,           0.0027295,          0.00044662,           0.0040996,           0.0040996,           0.0040996
                 300,           0.0079169,             0.00443,          0.00068843,             0.99375,             0.99046,             0.99268,             0.93926,           0.0052762,           0.0027296,          0.00044658,           0.0040798,           0.0040798,           0.0040798
                 301,           0.0078526,           0.0043238,          0.00048447,             0.99376,             0.99046,             0.99269,             0.93916,           0.0052795,           0.0027296,          0.00044667,             0.00406,             0.00406,             0.00406
                 302,           0.0078976,           0.0043478,          0.00067611,             0.99376,             0.99046,             0.99275,             0.93931,           0.0052811,            0.002729,          0.00044675,           0.0040402,           0.0040402,           0.0040402
                 303,           0.0076124,           0.0043696,          0.00052225,             0.99376,             0.99047,             0.99274,             0.93918,           0.0052826,           0.0027289,          0.00044679,           0.0040204,           0.0040204,           0.0040204
                 304,           0.0076215,           0.0041515,          0.00064418,             0.99377,             0.99048,             0.99277,             0.93954,           0.0052857,           0.0027288,          0.00044669,           0.0040006,           0.0040006,           0.0040006
                 305,           0.0076958,           0.0043465,          0.00045112,             0.99377,             0.99049,              0.9928,             0.93948,           0.0052882,           0.0027288,          0.00044602,           0.0039808,           0.0039808,           0.0039808
                 306,           0.0078409,            0.004342,          0.00076807,             0.99378,              0.9905,             0.99283,             0.93953,           0.0052888,           0.0027285,          0.00044605,            0.003961,            0.003961,            0.003961
                 307,            0.007922,           0.0042248,          0.00081339,             0.99379,             0.99052,             0.99284,             0.93947,           0.0052925,           0.0027284,          0.00044598,           0.0039412,           0.0039412,           0.0039412
                 308,           0.0077634,           0.0042748,          0.00076889,              0.9938,             0.99051,             0.99281,             0.93942,           0.0052925,           0.0027284,          0.00044605,           0.0039214,           0.0039214,           0.0039214
                 309,           0.0077147,           0.0043329,           0.0007503,             0.99381,             0.99053,             0.99279,             0.93938,           0.0052949,           0.0027273,          0.00044621,           0.0039016,           0.0039016,           0.0039016
                 310,           0.0078853,           0.0043242,          0.00078803,             0.99382,             0.99056,             0.99283,             0.93949,           0.0052943,            0.002727,          0.00044619,           0.0038818,           0.0038818,           0.0038818
